indicativo,2000,2001,2002,2003,2004,2005,2006,2007,2008,2009,2010,2011,2012,2013,2014,2015,2016,2017,2018,2019,2020,2021,2022,2023,latitude,longitude
0002I,129.5,64.8,0.0,23.099999999999998,0.0,9.0,9.700000000000001,75.8,0.8,92.3,25.7,33.4,97.0,97.2,73.5,29.9,17.9,8.9,38.5,7.300000000000001,39.72857142857143,0.0,39.72857142857143,39.72857142857143,40.95805555555556,0.8713888888888889
0016A,40.6,56.0,61.7,19.8,96.0,5.0,4.3,85.8,30.2,81.8,20.0,21.8,60.3,87.30000000000001,76.9,14.4,51.3,11.5,47.3,23.2,101.6,43.2,72.5,21.4,41.144999999999996,1.163611111111111
0076,55.800000000000004,31.1,93.8,22.4,69.4,4.2,3.3,82.2,17.0,47.3,15.5,7.1,51.8,76.8,28.599999999999998,11.1,44.5,41.9,82.4,24.3,263.5,37.4,26.6,1.0,41.29277777777778,2.0700000000000003
0200E,80.4,40.4,116.60000000000001,16.5,128.9,14.1,7.200000000000001,132.5,24.299999999999997,94.5,28.0,18.4,83.2,90.4,76.5,12.5,68.1,48.1,90.8,36.2,258.7,68.5,38.9,68.42173913043477,41.41833333333333,2.1241666666666665
0201D,47.5,29.6,73.1,10.899999999999999,58.8,3.5,0.0,22.0,26.7,59.5,8.799999999999999,12.6,61.400000000000006,61.300000000000004,35.9,7.2,55.9,28.6,109.7,17.9,206.4,45.7,29.0,44.0,41.39055555555556,2.2
0229I,59.3,13.399999999999999,68.0,13.0,35.0,3.3,15.3,0.7,34.9,71.0,34.3,31.499999999999996,49.9,48.900000000000006,39.6,16.799999999999997,3.4000000000000004,31.664705882352944,31.664705882352944,31.664705882352944,31.664705882352944,31.664705882352944,31.664705882352944,31.664705882352944,41.52361111111111,2.1030555555555557
0252D,1.7999999999999998,0.0,50.8,17.400000000000002,93.10000000000001,29.199999999999996,0.0,9.8,39.5,0.0,24.1,10.5,59.8,52.3,29.0,24.8,80.2,26.8,75.2,30.9,175.4,60.6,54.9,1.9,41.587500000000006,2.54
0367,73.9,27.200000000000003,183.9,35.1,144.1,13.5,2.1,113.1,55.5,33.4,37.5,31.9,53.1,78.4,55.8,13.0,66.5,25.5,102.19999999999999,47.0,173.0,73.8,62.300000000000004,13.1,41.91166666666666,2.763333333333333
1014,190.9,164.9,93.6,62.1,127.9,222.9,61.0,111.1,152.7,232.0,62.699999999999996,44.4,251.0,101.5,116.9,155.9,71.0,87.4,171.6,117.7,121.2,50.199999999999996,162.6,114.0,43.356944444444444,-1.7922222222222222
1024E,197.9,120.6,116.5,49.4,110.3,201.79999999999998,80.4,123.7,123.7,205.1,64.5,52.2,218.4,147.4,101.4,82.7,62.8,76.1,200.2,118.2,98.5,74.1,149.4,90.7,43.30638888888888,-2.041111111111111
1041A,136.2,72.0,74.2,31.7,61.8,112.1,51.6,116.8,84.8,141.0,35.5,35.0,161.4,108.8,57.7,40.2,53.7,45.4,109.6,93.2,64.2,67.6,105.3,79.5,43.30222222222222,-2.2511111111111113
1050J,147.6,101.1,92.0,50.699999999999996,85.5,184.9,58.8,79.1,144.1,164.3,48.0,35.300000000000004,206.5,147.4,63.0,56.5,87.8,55.5,218.2,80.3,71.3,66.3,146.1,64.3,43.20944444444445,-2.413333333333333
1055B,101.6,58.4,33.5,17.7,59.0,95.6,43.199999999999996,70.5,55.2,35.1,28.599999999999998,10.2,74.6,38.0,44.3,28.8,21.5,23.5,57.7,0.0,44.85,44.85,44.85,44.85,43.37694444444445,-2.5102777777777776
1057B,122.7,63.2,6.5,38.9,82.4,113.10000000000001,43.3,89.3,105.1,114.3,43.2,54.2,74.90869565217392,115.7,70.3,63.6,41.9,55.0,95.8,100.2,53.8,39.2,135.0,76.2,43.45388888888889,-2.7527777777777778
1078I,142.4,101.4,76.9,53.8,80.6,147.5,50.3,71.2,103.3,45.0,17.700000000000003,44.0,235.2,135.4,43.9,82.2,64.7,51.4,114.0,65.89999999999999,80.27391304347826,48.5,45.1,25.900000000000002,43.20333333333333,-3.104722222222222
1082,130.4,92.69999999999999,71.2,49.1,109.0,188.0,50.5,75.0,85.5,97.5,51.4,48.099999999999994,217.7,142.9,51.6,60.7,49.8,61.7,160.5,72.6,48.0,48.400000000000006,99.0,44.8,43.29805555555556,-2.906388888888889
1109,156.1,97.9,108.2,18.4,91.7,143.20000000000002,44.9,75.2,105.4,80.2,38.0,47.2,268.5,182.39999999999998,61.5,33.300000000000004,71.4,55.4,99.80000000000001,105.8,90.0,53.3,85.9,35.800000000000004,43.42388888888889,-3.8255555555555554
1111,159.7,88.19999999999999,100.7,21.9,100.2,111.8,42.300000000000004,72.6,91.6,81.5,25.9,37.6,216.4,145.1,55.3,32.1,41.2,27.7,89.4,104.69999999999999,73.8,50.0,79.2,28.5,43.49111111111111,-3.8005555555555555
1159,106.7,96.10000000000001,132.1,27.6,113.1,76.3,95.3,47.7,120.9,47.199999999999996,23.6,40.5,0.0,214.7,45.900000000000006,36.7,62.300000000000004,40.0,68.8,67.4,77.3,39.4,98.6,34.7,43.39333333333333,-4.392222222222222
1183X,127.0,97.1,100.6,36.7,144.6,139.3,118.8,19.599999999999998,17.6,35.8,15.4,49.2,188.8,222.0,52.4,47.0,83.9,43.8,103.8,70.2,76.39999999999999,47.0,105.60000000000001,33.800000000000004,43.42027777777778,-4.748055555555555
1208,162.1,162.1,162.1,162.1,162.1,162.1,162.1,162.1,162.1,162.1,162.1,162.1,162.1,162.1,162.1,162.1,162.1,162.1,162.1,162.1,162.1,162.1,162.1,162.1,43.538888888888884,-5.637499999999999
1210X,0.0,48.05217391304348,83.7,28.6,70.9,47.8,57.9,86.9,88.0,66.4,7.9,14.6,31.8,64.6,0.0,31.1,96.9,22.900000000000002,35.5,72.2,27.0,38.5,104.3,27.7,43.655833333333334,-5.8486111111111105
1212E,174.8,69.6,88.3,35.5,66.0,107.4,75.4,110.69999999999999,145.79999999999998,91.6,24.1,25.5,208.4,150.2,51.2,72.6,94.2,47.5,52.1,93.1,38.300000000000004,37.0,136.4,35.9,43.566944444444445,-6.0441666666666665
1221D,224.2,39.5,88.7,197.4,129.3,107.6,88.3,31.4,165.9,125.5,74.3,155.9,305.8,129.4,160.20000000000002,126.7,5.6000000000000005,38.5,136.0,42.5,257.6,120.89999999999999,166.0,37.7,42.978611111111114,-5.776388888888889
1249I,165.1,70.7,101.0,43.7,97.19999999999999,111.5,70.9,111.4,89.7,94.4,24.7,50.2,218.0,197.1,113.7,110.7,89.0,25.1,97.9,79.1,89.1,74.5,115.7,97.40869565217392,43.35333333333333,-5.874166666666667
1283U,149.79999999999998,39.0,15.200000000000001,37.8,30.200000000000003,26.9,43.1,94.6,0.0,50.57727272727272,50.57727272727272,14.600000000000001,117.8,77.4,38.0,62.6,92.2,7.2,65.8,67.2,7.6,38.0,71.7,16.0,43.56916666666667,-6.47
1351,107.6,58.8,16.8,45.7,22.8,53.2,68.5,49.099999999999994,140.6,48.4,26.0,0.0,78.8,79.60000000000001,26.8,57.4,87.4,15.4,56.8,92.2,28.999999999999996,38.8,37.800000000000004,17.2,43.78611111111111,-7.6850000000000005
1387,207.0,90.80000000000001,61.7,107.5,53.699999999999996,100.8,78.8,58.6,173.3,74.5,42.1,71.3,154.8,92.4,43.4,68.0,122.4,15.399999999999999,82.0,112.2,73.8,85.3,40.4,33.4,43.365833333333335,-8.421388888888888
1387E,236.5,100.6,78.7,134.7,66.1,99.4,65.30000000000001,48.5,166.4,78.1,59.4,62.4,171.1,88.6,50.2,0.0,121.5,14.7,83.2,113.3,69.6,91.2,45.599999999999994,34.0,43.30694444444444,-8.371944444444445
1393,194.8,14.2,83.10000000000001,143.3,69.4,0.0,60.2,15.1,170.1,93.3,54.0,46.8,93.2,92.0,83.1,113.0,171.1,9.2,99.7,100.8,118.2,14.100000000000001,54.2,43.699999999999996,43.160555555555554,-9.210833333333333
1400,0.0,34.4,16.7,102.5,26.6,46.7,39.9,42.0,38.8,81.4,21.8,47.199999999999996,61.4,76.2,81.39999999999999,83.4,108.0,9.2,109.4,102.4,98.2,33.0,57.8,25.400000000000002,42.92472222222222,-9.29138888888889
1428,410.6,154.4,74.2,227.6,124.39999999999999,150.1,96.2,88.6,237.9,91.5,53.1,76.9,143.8,197.7,112.2,133.5,162.4,19.1,126.4,171.9,184.6,90.5,98.0,99.89999999999999,42.88805555555555,-8.410555555555556
1437O,512.9,219.3,86.8,414.9,150.85625,158.4,0.0,0.0,0.0,199.8,51.4,64.3,222.3,177.1,150.85625,239.3,48.8,18.400000000000002,150.85625,150.85625,150.85625,150.85625,150.85625,150.85625,42.720555555555556,-8.923333333333332
1473A,275.8,116.3,49.2,161.1,119.10000000000001,75.7,72.2,88.89999999999999,224.0,107.4,56.6,44.7,142.9,208.29999999999998,130.4,121.4,198.9,16.5,161.7,188.7,154.79999999999998,79.7,73.5,55.900000000000006,42.73833333333334,-8.627222222222223
1475X,25.5,106.3,80.7,269.1,82.89999999999999,105.2,93.1,53.7,197.0,50.7,46.5,66.4,113.3,171.1,96.9,135.1,182.1,25.2,184.6,182.9,207.4,71.8,117.2,87.2,42.876111111111115,-8.555833333333334
1484C,430.7,100.2,66.5,202.20000000000002,113.6,106.2,93.1,85.2,228.9,125.60000000000001,62.6,56.800000000000004,188.5,144.60000000000002,129.20000000000002,132.5,186.8,9.6,207.9,213.2,253.4,148.2,96.39999999999999,98.2,42.43833333333333,-8.615833333333333
1495,478.7,127.8,78.39999999999999,215.2,122.2,91.3,110.4,83.5,284.7,108.3,75.39999999999999,55.6,237.7,121.1,112.3,143.3,199.1,13.0,217.0,246.8,244.7,102.6,59.800000000000004,101.4,42.23861111111111,-8.623888888888889
1505,199.5,88.6,99.5782608695652,95.8,50.3,93.1,59.0,62.8,186.0,78.3,77.3,122.6,165.0,132.3,71.1,62.1,147.5,15.399999999999999,120.60000000000001,150.0,80.0,91.6,75.6,65.8,43.11138888888889,-7.4575000000000005
1542,0.0,68.9,25.400000000000002,4.5,81.3,110.7,73.0,0.0,63.67619047619048,63.67619047619048,63.67619047619048,54.2,176.2,115.8,106.4,79.4,123.8,22.400000000000002,140.0,43.4,0.0,39.4,44.0,28.400000000000002,42.994166666666665,-6.4141666666666675
1549,116.8,25.7,11.2,82.7,15.1,47.8,42.800000000000004,37.4,84.0,20.0,23.400000000000002,36.9,97.0,41.8,32.9,61.0,91.6,14.4,55.0,82.4,57.8,21.8,18.6,16.2,42.56388888888888,-6.6
1631E,122.6,57.3,39.3,71.7,58.4,55.2,91.7,78.0,32.4,55.400000000000006,12.799999999999999,58.5,45.6,54.4,67.4,66.4,113.6,16.6,107.6,133.6,88.8,40.2,38.4,23.0,42.339444444444446,-7.2825
1690A,190.2,39.5,27.1,91.9,37.5,51.5,52.5,74.6,109.6,48.3,51.7,85.2,109.19999999999999,57.800000000000004,41.6,70.1,107.2,16.2,122.39999999999999,159.6,88.8,132.2,55.0,19.400000000000002,42.32527777777778,-7.859722222222222
1700X,329.8,42.3,38.7,97.9,68.7,67.0,72.9,64.1,88.6,66.8,61.2,65.2,141.2,58.7,66.1,93.0,165.0,9.100000000000001,155.7,130.5,153.8,126.9,87.5,48.5,42.421388888888885,-8.092500000000001
2030,92.2,11.600000000000001,36.800000000000004,63.8,84.5,31.0,20.5,90.0,103.7,46.4,51.0,50.0,83.4,86.2,50.2,37.2,71.2,15.8,72.6,102.6,129.4,73.0,48.2,10.399999999999999,41.775,-2.4830555555555556
2150H,272.1,28.3,90.4,30.5,91.39999999999999,40.6,51.2,96.95454545454545,154.3,72.2,90.0,99.0,275.8,107.8,0.0,118.6,230.6,45.2,0.0,29.0,96.95454545454545,146.0,127.19999999999999,32.8,41.19194444444444,-3.475277777777778
2235U,237.70000000000002,28.1,48.2,105.6,27.8,35.3,41.6,99.80000000000001,77.14347826086957,28.2,42.6,71.2,98.4,77.0,51.8,82.60000000000001,184.2,18.2,97.80000000000001,68.6,193.8,68.60000000000001,64.4,2.8000000000000003,42.870555555555555,-4.52
2331,117.2,11.1,57.1,74.3,44.7,61.9,38.5,59.2,100.0,41.3,29.3,89.7,117.9,34.9,56.5,42.7,126.8,13.0,79.0,85.2,106.4,56.199999999999996,77.6,15.200000000000001,42.356944444444444,-3.620277777777778
2374X,98.8,5.9,32.2,65.10000000000001,22.9,58.6,41.6,56.0,111.8,14.0,29.8,59.6,58.4,30.4,41.6,34.0,115.4,5.800000000000001,76.6,58.8,31.8,62.199999999999996,47.6,50.38695652173912,42.350833333333334,-4.617222222222223
2400E,73.9,9.600000000000001,14.9,46.3,18.5,44.699999999999996,28.8,0.1,72.0,19.1,29.4,41.1,48.7,27.7,35.4,41.4,99.5,5.1,0.0,32.199999999999996,56.7,42.5,31.7,3.3000000000000003,41.995555555555555,-4.602777777777778
2422,100.2,6.3999999999999995,38.0,90.6,32.9,38.5,59.300000000000004,63.0,83.2,19.8,60.8,51.3,94.1,56.2,13.4,55.0,76.2,7.0,66.8,51.6,113.6,60.9,60.2,4.6,41.64083333333333,-4.754444444444444
2444,70.1,2.1,32.8,54.6,17.1,27.3,27.199999999999996,74.0,49.5,34.3,42.2,47.1,72.0,33.6,30.5,26.6,78.6,12.5,79.8,34.6,84.2,66.4,44.0,5.8,40.659166666666664,-4.680000000000001
2462,390.5,46.7,123.4,98.80000000000001,89.2,78.0,95.6,168.4,277.2,114.6,69.4,225.8,260.2,68.2,118.7,100.89999999999999,202.9,33.5,169.1,153.4,186.0,130.4,163.6,15.200000000000001,40.793055555555554,-4.010555555555555
2465,85.0,23.8,35.4,48.2,27.5,25.2,30.7,65.8,61.3,63.1,41.5,43.9,109.5,40.4,37.9,47.6,52.2,9.8,104.39999999999999,54.4,61.3,99.0,48.800000000000004,12.0,40.945277777777775,-4.126388888888888
2503X,86.6,5.1,27.900000000000002,37.300000000000004,24.8,26.9,32.0,39.8,56.1,19.8,51.1,45.7,75.9,27.8,3.5999999999999996,52.9,73.4,4.0,38.37222222222223,38.37222222222223,38.37222222222223,38.37222222222223,38.37222222222223,38.37222222222223,41.325833333333335,-4.686944444444444
2539,105.9,4.5,19.0,60.0,23.0,51.9,39.0,35.300000000000004,77.1,35.4,46.8,64.9,86.6,52.9,15.0,43.6,85.1,2.5,56.9,46.1,88.1,81.3,53.8,5.1,41.71194444444445,-4.855555555555555
2614,84.3,16.200000000000003,23.5,49.5,28.299999999999997,38.2,49.8,48.0,74.9,29.2,63.0,31.8,63.4,39.6,14.5,44.6,102.7,3.4,42.800000000000004,38.800000000000004,92.2,68.2,35.6,1.4,41.51555555555556,-5.735277777777778
2630X,161.2,42.6,47.2,106.9,48.0,90.0,61.800000000000004,109.10000000000001,129.6,58.8,90.33636363636363,70.4,136.0,66.4,184.6,115.6,170.6,14.0,90.33636363636363,92.8,197.8,74.8,9.2,0.0,43.06222222222222,-5.376944444444444
2661,127.8,10.1,15.6,78.6,17.299999999999997,66.1,42.6,52.300000000000004,77.9,25.6,33.2,120.8,68.3,26.0,58.1,46.6,110.6,9.8,46.8,55.199999999999996,74.3,40.4,32.0,6.3999999999999995,42.58833333333334,-5.651111111111112
2737E,90.5,2.5,8.1,71.8,9.5,28.2,36.3,62.2,46.800000000000004,21.2,23.2,28.7,46.0,27.4,34.4,39.300000000000004,1.8,5.9,33.1,32.0,71.6,34.9,22.3,0.8,42.3775,-6.196666666666667
2755X,87.3,7.3,23.1,38.9,33.9,46.2,51.699999999999996,38.4,73.8,7.4,34.6,65.2,36.4,56.8,21.8,43.8,108.0,2.8,39.4,36.2,87.39999999999999,62.0,33.4,2.8,42.01083333333333,-5.666666666666667
2775X,186.60000000000002,12.3,0.0,117.7,28.8,51.300000000000004,69.39999999999999,30.0,161.20000000000002,14.4,27.599999999999998,77.2,83.39999999999999,60.4,53.8,60.4,170.4,9.8,67.0,104.8,139.4,48.0,46.4,5.0,41.94138888888889,-6.279722222222222
2867,73.2,5.6,30.9,49.8,20.5,30.700000000000003,24.6,72.5,65.39999999999999,35.3,19.1,18.7,110.9,39.6,20.9,47.0,60.3,10.4,56.2,29.4,84.6,63.7,71.7,6.8999999999999995,40.95944444444445,-5.498333333333333
2870,75.2,8.9,41.4,44.8,21.3,27.9,23.8,51.7,90.7,29.2,41.7,39.5,96.6,38.800000000000004,20.3,54.3,74.5,10.0,59.800000000000004,37.2,70.8,56.1,37.4,6.7,40.9575,-5.662222222222223
2916A,109.8,18.7,25.8,48.3,38.7,41.1,31.5,36.6,113.8,45.4,27.0,57.8,78.8,39.0,55.4,52.800000000000004,107.8,10.2,102.4,97.0,97.4,53.199999999999996,47.0,10.4,41.01138888888889,-6.437777777777778
2946X,111.2,7.5,35.1,54.099999999999994,26.9,24.6,31.1,52.599999999999994,74.9,11.600000000000001,0.0,0.0,5.4,31.6,66.2,26.2,106.6,7.8,67.0,67.8,93.6,60.8,50.8,12.6,40.635,-6.6
3013,73.2,16.0,63.300000000000004,30.8,81.0,26.400000000000002,30.7,83.8,100.4,43.2,58.8,70.8,67.6,58.6,29.8,17.400000000000002,49.2,22.0,73.6,91.2,72.8,107.8,48.2,2.6,40.84166666666667,-1.8788888888888888
3129,76.4,15.600000000000001,34.9,38.6,38.5,18.099999999999998,18.2,69.3,59.0,17.900000000000002,33.0,50.6,31.8,32.6,27.8,44.8,120.1,16.400000000000002,62.5,81.5,71.6,73.2,43.8,10.5,40.46666666666667,-3.5555555555555554
3168C,88.0,26.7,42.3,48.300000000000004,49.1,17.400000000000002,32.6,104.0,96.8,28.0,90.6,53.3,1.6,0.0,0.0,21.0,43.73125,43.73125,43.73125,43.73125,43.73125,43.73125,43.73125,43.73125,40.659166666666664,-3.1733333333333333
3175,75.8,15.1,31.2,40.8,34.3,10.299999999999999,23.9,82.2,66.9,33.2,42.6,73.4,60.3,39.0,28.1,31.200000000000003,105.7,9.2,56.7,75.2,86.60000000000001,86.1,47.4,6.1,40.48861111111111,-3.443611111111111
3191E,131.0,16.7,56.5,42.300000000000004,43.5,27.6,46.9,90.4,162.70000000000002,34.8,66.5,96.9,84.4,36.8,29.7,43.6,121.2,21.3,80.8,97.0,80.6,56.5,55.699999999999996,5.2,40.69611111111111,-3.765
3195,88.4,24.0,47.1,39.2,48.0,13.9,45.6,89.8,66.1,17.8,47.8,60.3,61.5,52.9,58.5,47.099999999999994,93.2,12.4,78.8,83.2,69.80000000000001,98.6,62.7,7.8,40.411944444444444,-3.6780555555555554
3196,88.9,18.8,50.0,26.4,36.2,20.6,25.200000000000003,69.7,73.89999999999999,23.0,50.1,70.9,57.8,59.8,25.9,41.4,100.2,11.0,52.6,71.7,73.1,63.4,75.1,7.3,40.37555555555556,-3.786111111111111
3200,73.7,22.2,48.5,33.2,40.300000000000004,12.3,23.0,52.599999999999994,61.3,27.8,39.0,40.4,62.0,48.0,38.199999999999996,38.9,78.2,13.1,53.4,70.4,62.8,62.8,58.9,8.2,40.29944444444444,-3.7222222222222223
3260B,70.5,15.5,58.6,24.7,33.7,6.9,38.6,92.0,65.9,22.8,58.3,67.1,49.6,37.0,27.0,31.0,83.6,13.2,47.8,47.6,65.80000000000001,79.8,79.2,3.2,39.88472222222222,-4.045277777777778
3365A,0.0,2.5999999999999996,58.5,28.5,38.8,35.00454545454546,30.1,35.00454545454546,89.0,0.0,45.0,51.2,41.0,31.0,22.2,9.0,0.0,14.2,71.2,68.2,67.39999999999999,59.4,41.4,1.4,39.95861111111111,-4.863611111111111
3469A,142.0,2.8,53.599999999999994,60.6,21.1,10.2,35.699999999999996,84.0,125.5,38.3,42.1,46.900000000000006,39.2,33.9,31.2,56.7,101.0,8.0,111.8,57.0,120.2,99.6,35.8,6.4,39.47138888888889,-6.338888888888889
3519X,142.0,5.0,62.3,87.3,22.2,28.400000000000002,24.5,40.4,133.8,24.7,77.1,80.3,58.4,38.1,48.4,51.7,128.2,8.3,93.9,65.8,106.6,66.3,53.6,5.799999999999999,40.043055555555554,-6.085833333333333
3526X,126.5,4.1,58.5,87.4,22.2,22.799999999999997,24.0,52.55652173913043,18.200000000000003,27.4,74.4,88.4,60.599999999999994,39.4,54.4,42.0,129.0,5.0,74.8,47.4,85.8,62.1,44.2,10.2,40.00361111111111,-6.5575
3576X,109.2,6.8999999999999995,53.3,36.2,17.4,21.1,36.3,47.9,144.5,28.3,75.1,63.3,47.2,22.7,54.400000000000006,71.89999999999999,49.2,6.4,53.6,52.0,107.4,79.0,29.4,5.0,39.414722222222224,-7.231111111111111
4121,124.3,6.2,52.0,15.5,65.5,8.7,42.5,127.2,136.6,33.699999999999996,54.1,49.699999999999996,59.8,55.300000000000004,29.9,42.2,103.00000000000001,43.2,53.800000000000004,88.2,50.1,66.8,66.0,1.8,38.98916666666667,-3.9202777777777778
4358X,100.4,6.4,46.6,19.2,16.9,8.2,9.5,110.2,75.5,21.6,61.4,50.0,68.2,15.4,50.6,50.6,67.6,31.8,87.4,52.0,90.39999999999999,51.2,40.2,5.2,38.955555555555556,-5.880555555555556
4410X,126.6,1.2,41.4,54.6,10.100000000000001,9.9,6.9,64.0,71.5,24.7,38.5,34.9,7.3,25.4,43.2,34.4,74.2,29.0,84.2,34.7,69.9,113.39999999999999,34.6,7.6,38.91583333333333,-6.385555555555556
4452,160.6,12.3,43.300000000000004,42.1,7.4,7.1000000000000005,29.0,57.8,84.1,30.6,71.8,78.5,31.5,16.7,41.0,48.8,75.0,5.0,71.8,34.8,83.4,69.0,29.2,7.4,38.88333333333333,-6.813888888888889
4642E,110.10000000000001,9.3,66.6,98.1,29.8,15.0,34.2,47.7,123.39999999999999,32.0,77.8,70.9,8.8,18.8,64.0,63.8,65.4,131.2,83.8,43.6,65.4,21.6,33.4,1.0,37.27833333333333,-6.911666666666667
5192,188.0,76.17692307692309,103.0,70.5,76.17692307692309,76.17692307692309,76.17692307692309,76.17692307692309,76.17692307692309,76.17692307692309,76.17692307692309,76.17692307692309,95.8,77.8,37.8,22.6,109.8,35.2,76.17692307692309,162.2,76.17692307692309,0.0,87.60000000000001,0.0,38.48916666666667,-2.6375
5270B,123.5,19.1,83.6,28.7,47.699999999999996,21.6,42.3,78.89999999999999,189.79999999999998,34.400000000000006,27.9,78.9,80.60000000000001,99.6,49.4,69.6,77.2,35.99999999999999,93.6,87.2,61.4,51.4,61.199999999999996,0.6,37.777499999999996,-3.8088888888888888
5390Y,154.1,8.0,82.8,30.1,67.9,33.5,53.800000000000004,108.4,0.0,38.199999999999996,39.0,66.4,26.4,6.0,61.0,48.800000000000004,94.2,56.2,79.0,81.0,127.0,70.2,111.39999999999999,3.8000000000000003,38.33305555555556,-4.608888888888888
5402,142.0,15.5,60.8,28.8,34.3,34.1,37.2,67.9,179.5,25.6,46.199999999999996,78.7,36.9,37.0,46.300000000000004,37.9,122.69999999999999,63.5,58.7,51.9,68.89999999999999,59.0,67.7,2.2,37.848888888888894,-4.846666666666667
5427X,121.0,6.6,108.2,31.6,45.9,9.2,22.599999999999998,101.0,150.6,54.7,12.0,103.6,56.8,86.3,69.3,50.4,86.2,30.4,85.3,75.2,108.8,62.900000000000006,66.0,0.0,37.55611111111111,-4.353888888888888
5514,71.9,4.3,72.8,32.3,60.6,6.1,27.8,56.1,37.5,48.4,21.2,80.1,68.3,53.4,30.400000000000002,28.4,53.3,25.8,28.400000000000002,87.0,69.0,35.2,48.7,0.0,37.13722222222222,-3.631388888888889
5530E,78.3,1.1,92.7,19.7,58.2,6.8,26.5,42.800000000000004,40.7,46.300000000000004,14.700000000000001,68.3,46.1,44.0,26.0,45.1,52.9,19.9,33.800000000000004,78.8,47.7,44.0,46.6,0.0,37.19027777777777,-3.789722222222222
5704B,149.00000000000003,3.6000000000000005,62.6,110.5,37.9,21.3,25.5,26.6,146.5,46.9,210.0,98.5,68.7,40.0,66.7,39.7,53.4,6.9,151.5,119.0,52.8,88.0,96.10000000000001,9.0,37.92638888888889,-5.769722222222222
5783,134.7,1.6,44.6,84.4,23.9,8.7,50.4,37.3,174.1,19.7,53.699999999999996,110.7,53.0,26.4,35.4,43.1,60.3,48.900000000000006,81.30000000000001,75.5,72.4,33.0,63.400000000000006,2.0,37.416666666666664,-5.879166666666667
5796,122.9,0.9,55.1,78.3,71.4,6.3,29.4,40.4,187.0,31.3,27.4,132.8,56.4,45.7,131.4,41.300000000000004,88.0,33.8,85.3,68.9,63.9,25.200000000000003,70.4,2.4,37.16444444444444,-5.6113888888888885
5860E,42.7,0.0,67.8,40.0,41.0,8.5,16.1,24.6,45.5,41.0,46.7,79.4,14.1,15.2,16.1,16.8,69.5,72.8,85.0,38.7,80.2,25.4,41.9,1.7,37.09805555555556,-6.7380555555555555
5910,117.9,8.4,58.3,73.9,30.599999999999998,0.0,29.300000000000004,53.7,120.6,48.5,57.6,57.5,53.800000000000004,47.7,45.7,28.7,44.1,37.0,80.89999999999999,38.7,109.9,8.0,56.1,0.8999999999999999,36.638888888888886,-6.3325
5960,142.0,2.1,49.8,98.60000000000001,49.4,0.0,23.1,29.6,148.0,45.2,25.900000000000002,60.5,57.900000000000006,55.900000000000006,56.1,35.7,46.5,26.8,99.6,47.0,62.0,17.7,68.4,3.3000000000000003,36.75055555555556,-6.055833333333333
5972X,102.9,2.7,42.6,66.6,40.300000000000004,2.9,32.5,25.0,79.9,19.2,22.099999999999998,69.4,48.0,87.2,35.800000000000004,15.7,39.4,42.2,87.7,51.9,53.2,11.6,43.4,0.8,36.46555555555556,-6.205555555555556
5973,126.8,2.3,45.3,90.0,35.199999999999996,0.0,36.6,39.6,101.7,52.2,33.8,26.6,48.800000000000004,54.599999999999994,41.0,12.9,36.5,34.6,66.1,41.1,42.300000000000004,8.2,41.800000000000004,0.0,36.499722222222225,-6.257777777777778
5995B,37.3,0.0,83.6,100.6,63.7,1.9999999999999998,35.3,63.1,60.5,33.300000000000004,77.0,69.4,58.8,76.8,96.60000000000001,19.0,60.9,68.8,49.2,63.0,63.1,23.0,42.5,0.8,36.245555555555555,-5.965
6000A,30.1,2.7,123.39999999999999,28.299999999999997,67.6,29.700000000000003,37.7,177.9,10.5,21.1,55.0,38.4,8.6,15.2,4.1,7.7,38.6,14.0,112.0,27.599999999999998,58.6,57.6,114.39999999999999,0.0,35.27638888888889,-2.956388888888889
6001,29.8,5.7,118.3,71.6,56.0,9.2,65.8,50.3,133.9,58.3,27.0,119.19999999999999,59.1,72.1,50.900000000000006,14.0,60.900000000000006,85.10000000000001,88.9,75.7,64.3,30.1,63.8,0.0,36.013888888888886,-5.598888888888888
6155A,119.9,0.0,72.89999999999999,80.0,73.9,22.5,26.3,100.1,46.5,20.6,111.0,60.9,43.199999999999996,23.2,38.1,14.8,22.0,58.0,49.8,37.199999999999996,26.7,60.8,21.1,0.0,36.66611111111111,-4.482222222222222
6325O,15.0,1.8,39.0,12.0,64.5,7.5,21.900000000000002,30.3,2.3,10.799999999999999,9.5,16.7,0.1,19.9,0.0,32.6,9.1,10.1,30.4,37.8,28.9,15.0,38.8,0.0,36.84638888888889,-2.3569444444444447
6367B,0.0,0.0,46.5,0.0,34.5,12.0,22.5,31.7,7.4,12.5,0.0,50.1,5.8999999999999995,60.4,3.5,23.3,5.8,21.3,18.7,39.199999999999996,43.1,53.6,80.3,0.0,37.39055555555556,-1.9436111111111112
7012C,1.3,10.4,38.6,14.3,122.0,9.8,26.8,94.0,0.2,20.0,9.9,28.5,3.9000000000000004,81.2,0.5,10.0,12.2,3.4000000000000004,12.299999999999999,86.5,44.6,48.9,92.4,0.0,37.60111111111111,-0.9877777777777778
7031,8.9,12.6,70.0,17.7,120.7,7.5,23.900000000000002,25.3,1.5,26.5,8.600000000000001,12.0,3.7,65.4,9.7,8.6,16.4,1.2,6.199999999999999,103.3,45.2,48.300000000000004,100.3,0.0,37.788888888888884,-0.8033333333333333
7145D,17.6,17.5,73.3,19.0,68.2,20.2,41.6,53.1,3.1,26.3,33.8,24.9,24.5,68.0,23.7,9.899999999999999,30.1,20.4,16.2,118.2,64.0,41.0,84.8,0.0,38.23277777777778,-1.3805555555555555
7178I,9.299999999999999,12.1,54.199999999999996,34.4,113.1,13.1,36.3,62.7,3.0,21.0,17.5,30.7,26.700000000000003,79.0,7.800000000000001,8.5,14.3,9.799999999999999,14.600000000000001,123.10000000000001,29.2,58.6,96.6,0.0,38.00194444444445,-1.1708333333333334
7209,12.3,14.0,0.0,13.7,61.099999999999994,13.6,46.9,13.9,2.9,24.2,10.0,25.7,33.0,67.5,4.9,20.1,14.5,13.100000000000001,23.299999999999997,3.0,60.4,0.0,64.3,0.0,37.65472222222222,-1.6872222222222222
7228,3.0,10.100000000000001,80.4,32.1,91.1,9.2,42.3,35.0,2.7,22.7,15.799999999999999,31.0,7.0,67.6,9.5,9.2,17.2,9.799999999999999,14.1,121.2,35.6,34.7,92.2,0.0,37.95777777777778,-1.2286111111111113
8019,6.6,42.8,50.5,32.3,69.0,19.9,25.9,34.0,3.3,21.3,14.4,40.4,20.1,70.7,4.3,4.8,16.5,2.9999999999999996,16.5,185.9,32.6,61.1,86.5,0.0,38.282777777777774,-0.5708333333333333
8025,4.5,48.800000000000004,52.0,29.0,66.4,28.099999999999998,22.2,37.8,3.7,40.0,21.599999999999998,46.7,15.5,94.2,4.6000000000000005,13.0,15.6,4.800000000000001,10.799999999999999,125.2,36.2,48.0,84.6,0.0,38.3725,-0.49416666666666664
8050X,8.8,9.9,202.4,0.0,37.3,12.0,27.8,67.3,5.699999999999999,46.0,18.799999999999997,0.0,14.4,77.6,2.4,3.4,47.2,22.8,24.599999999999998,346.0,58.0,48.65217391304348,86.6,0.0,38.78361111111111,0.16777777777777778
8058X,13.0,21.4,247.2,5.9,117.4,22.3,43.2,92.7,1.6,67.7,30.400000000000002,39.5,30.5,110.80000000000001,12.700000000000001,0.8,38.6,50.900000000000006,4.6,221.20000000000002,51.7,90.4,0.0,57.15217391304348,38.928888888888885,-0.09583333333333333
8096,95.9,9.6,47.7,44.1,99.8,49.2,50.400000000000006,129.70000000000002,114.0,52.9,89.9,88.5,94.5,63.7,37.1,27.8,79.6,17.2,89.8,148.2,66.2,73.0,47.300000000000004,4.5,40.06722222222223,-2.1319444444444446
8175,47.9,25.0,65.1,36.2,87.89999999999999,19.1,35.3,90.2,25.900000000000002,33.5,49.6,40.4,50.300000000000004,60.1,9.4,11.3,35.5,22.4,25.8,139.6,27.6,64.6,100.60000000000001,0.0,38.95416666666667,-1.856388888888889
8178D,50.7,30.2,73.7,43.8,86.30000000000001,25.0,35.2,80.8,27.0,28.0,41.8,50.1,43.2,50.4,9.799999999999999,11.7,49.2,23.1,31.1,154.0,47.2,63.8,104.1,0.0,39.005833333333335,-1.8627777777777779
8293X,6.8999999999999995,84.9,80.8,81.9,77.9,34.5,18.9,108.9,5.0,36.0,28.2,105.0,13.6,67.2,14.4,0.8,42.2,30.400000000000002,21.8,0.0,63.8,99.0,150.8,0.0,39.001666666666665,-0.5236111111111111
8309X,59.1,0.2,58.2,27.1,34.0,31.7,18.2,49.1,46.1,10.799999999999999,79.2,53.0,45.6,60.6,16.0,17.0,29.8,45.0,47.4,87.8,61.0,50.6,31.2,0.2,39.57555555555556,-1.2447222222222223
8325X,13.6,84.0,115.6,84.0,120.0,4.3,35.6,60.0,9.5,21.6,0.1,58.2,32.0,108.2,28.400000000000002,3.9,29.3,36.5,16.9,197.20000000000002,78.7,102.7,130.8,1.0,39.18472222222222,-0.3719444444444444
8368U,56.0,35.2,70.4,31.800000000000004,33.6,5.8,42.3,143.3,25.1,21.0,70.5,50.199999999999996,43.6,65.8,13.4,20.8,18.6,7.0,49.400000000000006,84.2,71.60000000000001,61.0,64.8,10.8,40.35055555555556,-1.1241666666666668
8414A,14.2,91.1,89.2,57.5,51.0,20.7,12.299999999999999,56.0,7.2,33.9,24.8,72.8,31.0,98.2,12.4,6.9,17.8,28.8,12.299999999999999,83.5,56.3,81.5,87.1,0.6,39.485,-0.4747222222222222
8416,11.0,72.3,70.5,63.4,51.3,25.1,6.4,50.9,7.8,39.0,33.6,60.199999999999996,30.3,90.4,7.3999999999999995,3.6,18.7,23.0,17.5,67.8,49.900000000000006,65.4,82.7,0.0,39.480555555555554,-0.3663888888888889
8500A,10.2,46.7,60.5,87.0,63.1,12.3,7.9,136.9,4.3999999999999995,43.199999999999996,31.5,41.2,22.8,79.2,13.8,2.8,21.6,14.399999999999999,38.4,39.4,55.0,97.6,81.8,2.6,39.95722222222223,-0.07194444444444445
8523X,0.7,8.6,84.3,61.1,66.7,3.7,2.8000000000000003,55.7,17.1,26.2,17.7,37.0,24.6,57.599999999999994,19.9,2.1,41.5,16.7,33.6,6.6000000000000005,129.5,33.98571428571429,33.98571428571429,33.98571428571429,40.55416666666667,0.4297222222222222
9019B,91.0,20.599999999999998,43.0,75.6,32.4,25.5,14.700000000000001,52.800000000000004,54.4,16.2,41.0,33.2,106.3,46.1,65.5,33.9,104.4,10.2,84.2,68.2,148.9,59.4,74.7,12.6,42.80638888888888,-3.933888888888889
9051,64.8,25.7,51.5,63.699999999999996,46.8,103.2,28.2,0.0,33.2,27.6,23.0,33.0,116.8,52.0,48.6,29.2,73.6,19.6,57.8,53.2,46.800000000000004,32.0,54.6,13.8,42.919999999999995,-3.4827777777777778
9091O,88.1,56.9,42.3,34.3,63.0,99.0,33.1,85.6,70.6,54.099999999999994,10.3,58.1,94.9,83.3,51.6,33.199999999999996,59.2,15.6,117.4,70.0,66.2,51.5,76.2,19.0,42.88194444444444,-2.735
9111,75.9,28.400000000000002,71.4,92.1,47.5,31.3,65.0,68.4,133.6,77.7,55.1,94.3,89.7,127.9,37.1,21.0,70.6,20.6,73.2,65.0,72.7,71.6,66.0,22.599999999999998,42.42111111111111,-3.1702777777777778
9170,29.6,22.3,33.0,49.199999999999996,78.9,27.4,71.8,109.8,35.6,37.1,25.6,27.9,56.6,51.0,30.4,13.1,21.5,4.7,74.2,53.9,68.2,23.1,49.2,24.5,42.452222222222225,-2.331111111111111
9201K,138.9,110.1,66.9,37.9,86.8,65.4,4.3,73.1,27.1,0.2,66.61818181818181,12.4,111.3,40.7,75.9,54.7,72.5,25.7,141.3,97.9,90.7,56.199999999999996,75.6,66.61818181818181,42.57888888888889,-0.5469444444444445
9244X,85.7,16.5,54.678260869565214,31.3,53.1,35.8,57.0,139.3,49.3,61.8,32.3,32.4,0.0,34.2,37.599999999999994,52.0,47.199999999999996,16.0,132.9,74.7,92.9,49.8,94.4,31.400000000000002,42.490833333333335,-1.213611111111111
9262,109.7,79.89999999999999,61.6,30.2,79.7,106.0,69.3,137.7,94.3,69.8,65.3,15.700000000000001,159.9,79.6,60.1,42.1,51.0,31.0,166.29999999999998,71.5,77.19545454545454,60.800000000000004,56.8,77.19545454545454,42.81777777777778,-1.6383333333333332
9263D,107.6,65.8,47.099999999999994,21.2,68.1,82.0,78.1,124.6,76.10000000000001,77.5,68.0,18.900000000000002,165.1,64.7,53.2,29.9,39.5,24.1,171.6,82.3,98.7,49.199999999999996,61.8,37.4,42.776944444444446,-1.65
9283X,37.9,8.200000000000001,26.7,35.7,61.5,24.0,44.5,82.5,31.3,37.8,24.6,29.299999999999997,2.0,54.0,28.9,54.5,18.3,35.39411764705883,35.39411764705883,35.39411764705883,35.39411764705883,35.39411764705883,35.39411764705883,35.39411764705883,42.206944444444446,-1.7113888888888888
9294E,49.2,7.5,13.700000000000001,26.5,12.1,43.5,98.4,61.1,19.4,2.0,17.2,18.8,0.0,50.6,30.6,33.199999999999996,29.8,6.6000000000000005,131.8,32.0,66.4,26.2,44.8,10.8,42.198611111111106,-1.475277777777778
9381I,42.1,8.6,33.9,43.6,69.60000000000001,20.5,30.9,90.7,32.3,59.8,82.4,20.2,61.4,61.4,20.700000000000003,24.2,35.0,23.0,97.8,102.0,102.6,95.0,75.19999999999999,6.0,40.92611111111111,-1.2933333333333332
9390,58.5,7.800000000000001,39.4,30.2,56.6,36.9,72.30000000000001,103.8,33.2,59.300000000000004,77.3,38.8,53.9,57.4,22.7,18.0,32.1,18.0,107.60000000000001,89.2,97.8,66.2,44.4,3.8,41.114444444444445,-1.41
9394X,31.099999999999998,7.1,24.7,56.1,57.1,27.599999999999998,44.3,112.39999999999999,52.1,43.650000000000006,43.650000000000006,36.8,3.6,48.2,20.8,18.6,43.8,17.0,87.2,62.4,67.0,97.6,38.6,6.2,41.33111111111111,-1.6452777777777778
9434,49.1,7.2,17.2,43.4,46.6,14.2,39.4,127.7,30.5,46.0,41.5,50.5,35.8,56.0,28.7,23.599999999999998,35.0,3.6,109.0,33.6,35.4,41.0,31.0,6.0,41.660555555555554,-1.0041666666666667
9563X,45.5,27.8,119.8,69.5,45.3,2.1,16.5,211.2,6.1,2.9,31.9,65.9,68.2,110.89999999999999,29.7,11.7,37.7,21.5,57.8,0.1,115.9,41.8,107.7,5.0,40.49861111111111,-0.18666666666666665
9569A,47.800000000000004,64.3,31.1,64.89999999999999,76.6,12.4,22.2,129.7,45.285714285714285,45.285714285714285,45.285714285714285,37.800000000000004,2.4,73.60000000000001,56.8,11.4,43.4,7.2,67.2,33.199999999999996,46.6,37.800000000000004,80.0,4.6,40.946666666666665,-0.23777777777777778
9573X,35.3,49.2,40.74782608695652,53.300000000000004,64.3,7.0,10.7,56.6,14.400000000000002,39.4,27.799999999999997,35.599999999999994,52.5,65.7,28.900000000000002,11.2,43.900000000000006,9.9,83.4,38.0,67.10000000000001,50.0,88.4,4.6,41.058055555555555,-0.14166666666666666
9576C,50.5,31.3,16.7,37.1,60.6,3.9,21.3,66.5,37.9,34.682352941176475,34.682352941176475,41.2,21.200000000000003,53.0,7.6,14.8,46.6,5.2,74.2,34.682352941176475,34.682352941176475,34.682352941176475,34.682352941176475,34.682352941176475,41.5225,-0.17444444444444443
9585,12.5,75.8,101.10000000000001,97.0181818181818,97.0181818181818,3.1,11.1,233.3,134.8,143.8,59.3,67.0,149.4,137.4,155.4,68.2,149.2,75.4,164.6,164.6,71.8,105.8,45.4,5.4,42.3325,1.9394444444444445
9619,72.9,0.0,0.0,13.8,75.8,19.3,3.9,78.0,112.7,24.700000000000003,27.900000000000002,23.8,72.6,95.8,40.5,23.9,89.60000000000001,30.9,94.1,62.5,0.0,69.6,42.1,5.800000000000001,42.35472222222222,1.4630555555555556
9720X,59.4,0.1,0.0,5.9,60.4,7.9,4.5,110.1,57.50000000000001,116.7,15.6,33.9,54.5,73.5,16.7,19.9,56.6,28.1,72.6,36.5,41.519999999999996,41.519999999999996,41.519999999999996,41.519999999999996,41.650555555555556,1.1494444444444445
9771C,46.0,87.60000000000001,38.2,27.2,70.0,2.9,6.8,73.6,40.0,104.60000000000001,25.5,26.9,50.4,70.8,38.2,6.1,51.2,15.200000000000001,69.8,28.7,75.4,40.8,37.4,0.2,41.626111111111115,0.5980555555555556
9981A,75.7,69.6,75.1,55.8,90.3,20.3,6.5,121.6,21.6,79.8,26.700000000000003,88.5,71.1,81.7,62.0,41.0,71.0,13.2,51.4,17.7,108.2,45.0,81.6,2.2,40.82027777777778,0.49333333333333335
9987P,72.2,23.7,34.2,7.800000000000001,58.199999999999996,7.3,1.6,14.899999999999999,18.3,58.0,13.2,45.1,115.60000000000001,87.10000000000001,28.5,2.6999999999999997,44.5,0.0,22.7,8.5,33.205,33.205,33.205,33.205,40.69916666666666,0.81
B013X,42.7,36.7,174.9,97.0,95.30000000000001,33.9,62.2,321.1,14.5,173.3,121.79999999999998,30.2,93.4,114.69999999999999,119.69999999999999,5.9,145.29999999999998,27.5,117.5,91.89999999999999,267.2,39.2,114.3,29.8,39.82333333333334,2.8858333333333333
B228,29.3,26.0,83.0,29.1,34.2,16.599999999999998,30.9,111.7,3.0999999999999996,44.2,25.1,27.7,49.3,52.699999999999996,28.3,3.5,68.10000000000001,8.5,65.7,19.4,81.3,27.7,31.6,3.4000000000000004,39.555277777777775,2.625277777777778
B248,23.099999999999998,30.4,203.50000000000003,69.5,79.8,5.6,18.3,259.1,16.5,70.0,75.7,0.2,60.6,149.5,0.0,8.3,80.6,16.0,108.2,38.9,191.3,40.2,75.2,19.799999999999997,39.735,2.7130555555555556
B278,5.6,12.1,68.5,32.2,41.9,12.799999999999999,55.7,84.5,2.9,59.4,26.1,25.0,32.4,55.1,21.1,3.7,38.5,5.5,47.0,22.1,92.3,25.3,20.3,5.3,39.56083333333333,2.736666666666667
B346X,23.299999999999997,10.200000000000001,41.2,25.7,20.4,0.0,46.2,0.0,14.0,44.4,0.0,17.6,40.599999999999994,61.599999999999994,26.3,2.7,54.4,5.1,77.10000000000001,19.900000000000002,68.6,30.0,26.0,28.491304347826084,39.52166666666667,3.0191666666666666
B434X,18.2,13.4,58.0,41.7,15.1,9.9,18.4,57.4,0.0,31.2,0.4,3.6,45.0,61.0,27.2,0.6000000000000001,97.8,5.3999999999999995,51.0,21.0,68.0,17.200000000000003,27.0,23.999999999999996,39.41444444444444,3.2716666666666665
B569X,16.6,29.8,46.9,6.0,23.1,32.6,14.2,30.5,26.3,56.699999999999996,65.7,4.6,42.7,61.8,29.9,2.1,12.5,4.6,25.2,11.5,93.2,23.1,19.3,22.3,39.71666666666667,3.4780555555555557
B893,41.0,35.4,62.6,16.8,25.1,23.1,7.8999999999999995,129.1,13.9,101.0,61.2,23.6,35.0,84.5,32.8,1.7,27.5,22.9,28.2,52.3,55.9,22.4,23.200000000000003,25.7,39.85472222222222,4.2155555555555555
B954,11.299999999999999,10.5,97.8,48.1,45.7,13.0,12.0,57.1,2.1,39.4,11.7,46.900000000000006,19.1,91.9,6.1,0.2,16.3,2.6999999999999997,39.599999999999994,20.8,65.3,32.6,60.4,0.0,38.87638888888889,1.3844444444444444
C029O,6.1,0.3,12.299999999999999,7.2,3.8,0.2,5.1000000000000005,0.9,0.0,0.4,7.6,10.0,2.5,0.9,2.4,0.0,0.7000000000000001,0.0,6.0,2.1,14.1,1.4,5.8,2.6,28.951944444444443,-13.600277777777777
C129Z,0.0,0.0,0.0,9.1,26.6,0.0,14.4,7.3,10.3,0.0,28.200000000000003,42.6,13.0,7.9,8.4,4.4,10.8,9.095652173913043,2.1,6.2,13.7,1.8,0.0,2.4,28.59583333333333,-17.915277777777778
C139E,99.5,27.799999999999997,39.0,42.0,22.4,3.8999999999999995,20.3,4.7,13.8,4.8,11.2,35.9,34.0,1.6,7.5,16.0,4.0,40.4,2.1,9.9,11.5,5.2,19.8,2.9,28.633055555555558,-17.755
C249I,3.2,1.0,13.1,23.200000000000003,6.9,0.0,5.2,17.3,0.0,0.3,2.4,8.2,4.0,0.9,1.1,0.0,0.0,0.0,0.7,1.9,5.6000000000000005,0.0,5.4,2.3,28.44472222222222,-13.863055555555555
C329Z,13.799999999999999,4.8,0.8,9.5,16.1,0.4,21.8,0.8,1.8,3.1,11.6,47.60000000000001,12.7,0.2,5.7,0.0,5.3,11.2,1.6,9.0,11.100000000000001,15.2,11.4,2.4,28.08972222222222,-17.11138888888889
C429I,13.7,6.9,17.9,0.3,12.7,0.0,26.1,0.6,1.3,0.0,26.4,4.6,25.4,0.0,10.8,0.0,0.4,10.6,0.0,28.1,11.7,0.6000000000000001,17.2,0.0,28.046944444444446,-16.561111111111114
C430E,16.7,26.9,72.5,15.4,66.5,5.1,82.5,8.0,1.6,0.0,1.6,70.39999999999999,18.200000000000003,7.0,49.00000000000001,0.0,0.2,1.8,38.9,11.600000000000001,14.6,16.5,11.6,1.0,28.30888888888889,-16.499444444444446
C447A,38.1,29.8,99.5,37.4,53.9,13.5,43.900000000000006,21.8,11.299999999999999,29.6,4.8999999999999995,140.3,52.5,14.4,27.900000000000002,7.5,53.7,2.0,70.9,32.2,64.2,64.4,33.300000000000004,5.9,28.4775,-16.329444444444444
C449C,8.7,9.6,29.7,11.0,34.099999999999994,3.6999999999999997,16.099999999999998,20.0,0.9,3.5,1.8,25.4,4.3,12.2,11.1,0.8,2.0,3.4,20.8,28.6,5.8,11.6,8.2,0.8,28.46333333333333,-16.255277777777778
C459Z,18.0,7.8,23.7,32.9,69.9,12.600000000000001,23.5,14.8,0.8,13.4,3.4,41.2,45.0,8.2,4.6,1.0,11.8,1.0,32.0,25.6,26.2,17.6,7.5,10.7,28.418055555555558,-16.548055555555557
C619I,8.9,10.8,7.4,8.6,6.7,0.4,17.400000000000002,1.9,5.3,4.4,11.8,6.826666666666668,6.826666666666668,0.8,0.0,0.0,18.0,6.826666666666668,6.826666666666668,6.826666666666668,6.826666666666668,6.826666666666668,6.826666666666668,6.826666666666668,28.000833333333333,-15.81388888888889
C649I,3.3,3.5,10.7,3.5999999999999996,7.9,2.1,17.099999999999998,0.7,0.0,0.6,0.6,17.1,6.1,0.7000000000000001,1.9000000000000001,0.0,0.30000000000000004,1.4,3.6,12.0,7.699999999999999,1.5,3.4,2.3,27.91777777777778,-15.395277777777777
C689E,1.2,2.5,6.5,3.0,0.7,0.0,7.8999999999999995,0.0,0.0,0.0,2.7,5.0,1.7272727272727273,0.0,3.2,0.0,0.0,0.4,0.2,1.7272727272727273,0.2,0.0,4.5,0.0,27.735833333333336,-15.595833333333333
C929I,21.6,12.9,20.9,8.799999999999999,15.8,0.0,24.200000000000003,5.4,1.7000000000000002,0.0,9.8,43.2,34.9,1.3,11.0,8.200000000000001,7.0,11.0,3.4,35.3,9.2,4.7,12.299999999999999,0.9,27.81888888888889,-17.88888888888889
1208H,73.5391304347826,67.5,85.5,30.3,80.0,95.1,64.7,82.4,123.2,66.39999999999999,19.1,28.2,182.3,157.2,54.8,67.9,86.9,31.8,56.3,101.5,46.6,48.0,81.8,33.9,43.559999999999995,-5.700833333333334
1735X,53.060869565217395,5.8,28.7,91.0,24.6,29.700000000000003,51.5,45.7,85.4,45.4,43.8,85.39999999999999,19.5,11.5,37.1,75.89999999999999,104.5,10.700000000000001,52.0,162.20000000000002,78.1,73.9,37.8,20.2,42.07916666666667,-7.733611111111111
3100B,39.04545454545455,29.2,59.300000000000004,0.0,44.0,39.04545454545455,36.9,47.1,74.2,12.1,50.0,9.1,25.1,36.5,25.7,23.0,97.6,14.700000000000001,40.0,31.2,53.1,75.0,72.6,2.6,40.06722222222223,-3.546111111111111
3110C,39.845,13.3,8.899999999999999,32.9,26.1,39.845,31.6,44.5,58.0,7.4,36.1,72.0,46.0,44.7,26.8,38.9,80.6,21.2,66.1,39.845,69.9,67.0,39.845,4.8999999999999995,41.00694444444444,-3.613611111111111
3130C,42.10454545454546,6.2,31.599999999999998,37.3,0.0,42.10454545454546,0.0,0.0,0.0,29.8,36.4,60.8,75.6,9.0,26.2,0.0,78.0,17.8,121.4,150.4,111.2,68.0,50.800000000000004,15.8,41.08638888888889,-2.618055555555556
3194U,37.357142857142854,8.8,50.8,39.800000000000004,33.300000000000004,37.357142857142854,0.4,30.299999999999997,0.0,16.7,12.5,99.0,31.4,54.4,25.5,34.9,95.10000000000001,13.2,56.4,66.4,59.9,49.3,37.357142857142854,6.3999999999999995,40.45166666666667,-3.7241666666666666
3266A,71.73913043478261,0.0,71.0,0.0,0.0,0.0,50.7,108.69999999999999,83.4,28.0,67.1,173.4,79.9,33.1,46.9,53.1,365.2,20.1,85.1,75.89999999999999,150.5,99.4,46.8,11.700000000000001,40.70638888888889,-4.141944444444444
3338,40.43636363636363,17.2,55.5,38.3,36.1,40.43636363636363,26.4,61.0,101.8,6.7,41.2,68.6,20.8,35.8,4.0,18.6,0.0,9.9,62.9,91.69999999999999,60.5,66.2,61.9,4.5,40.42777777777778,-4.25
4067,36.018181818181816,12.9,35.0,33.300000000000004,89.2,36.018181818181816,18.0,174.0,28.0,2.8000000000000003,40.199999999999996,8.6,35.199999999999996,55.4,8.0,9.4,50.6,13.0,30.2,0.0,71.8,34.2,41.6,1.0,39.49194444444444,-3.5283333333333333
4244X,59.626086956521746,8.2,74.10000000000001,40.6,59.199999999999996,16.0,34.5,54.5,156.1,29.6,58.199999999999996,58.8,36.4,37.0,42.800000000000004,60.6,126.0,27.8,123.6,107.4,63.2,77.2,75.2,4.4,39.169444444444444,-5.062222222222222
4267X,37.76363636363636,2.8,50.7,6.3999999999999995,16.7,12.799999999999999,19.0,52.9,104.30000000000001,22.5,7.4,25.4,19.8,37.76363636363636,29.700000000000003,55.8,78.5,46.6,54.0,40.9,64.2,39.1,81.1,0.2,38.49861111111111,-5.1211111111111105
5047E,24.33181818181818,0.0,0.39999999999999997,20.8,60.5,5.9,6.5,51.199999999999996,25.4,24.33181818181818,19.8,107.8,10.8,2.6,0.4,13.600000000000001,17.8,17.8,20.4,67.8,27.8,31.4,26.6,0.0,37.505833333333335,-2.735
5051X,24.50769230769231,3.8,69.7,0.0,57.6,10.5,52.0,24.50769230769231,24.50769230769231,24.50769230769231,14.2,24.50769230769231,63.400000000000006,25.8,20.400000000000002,0.0,1.2,0.0,24.50769230769231,24.50769230769231,24.50769230769231,24.50769230769231,24.50769230769231,24.50769230769231,37.861111111111114,-2.6527777777777777
5181D,56.30434782608695,4.9,17.0,41.7,61.4,13.4,59.5,115.2,128.79999999999998,40.5,19.2,83.4,74.4,51.4,38.7,61.5,107.10000000000001,26.5,64.8,125.8,54.5,42.7,62.6,0.0,38.31472222222222,-2.8897222222222223
5246,44.21818181818182,6.3,0.0,44.21818181818182,96.2,11.1,60.8,19.2,205.6,56.6,53.199999999999996,37.6,0.0,0.0,0.0,74.6,0.0,0.0,71.0,123.0,57.800000000000004,13.8,86.0,0.0,38.34444444444445,-3.5352777777777775
5298X,42.67391304347826,4.1,0.8,0.0,12.3,0.0,23.1,25.8,156.9,43.099999999999994,25.3,74.60000000000001,54.0,26.6,47.1,51.699999999999996,97.7,30.1,60.5,74.4,71.2,51.2,51.0,0.0,38.02305555555555,-4.0633333333333335
5582A,38.76521739130435,3.3,83.39999999999999,27.8,27.900000000000002,2.9,34.0,24.6,72.0,32.8,0.7000000000000001,18.8,57.1,37.4,42.0,43.2,57.6,13.9,69.5,97.60000000000001,12.2,49.5,83.4,0.0,37.16111111111111,-4.152777777777779
5641X,47.72608695652173,2.0,21.799999999999997,51.800000000000004,25.5,18.2,34.2,45.5,147.0,6.6,45.7,99.60000000000001,41.6,32.1,36.0,34.8,83.5,51.2,68.7,84.89999999999999,53.9,49.3,63.800000000000004,0.0,37.51611111111111,-5.085
5911A,157.16086956521738,21.9,229.5,172.8,149.9,24.2,82.8,75.89999999999999,560.4,160.8,51.8,229.7,278.6,37.6,233.8,90.19999999999999,285.5,53.1,267.5,246.89999999999998,142.7,54.1,153.0,12.0,36.760555555555555,-5.3741666666666665
6032B,35.10909090909091,4.8,0.0,65.5,43.3,5.9,42.1,38.699999999999996,145.5,40.400000000000006,0.0,0.0,35.10909090909091,35.10909090909091,35.10909090909091,35.10909090909091,35.10909090909091,35.10909090909091,35.10909090909091,35.10909090909091,35.10909090909091,35.10909090909091,35.10909090909091,35.10909090909091,36.749722222222225,-5.168333333333334
6058I,44.4695652173913,1.8,0.0,0.0,37.1,6.7,51.5,98.39999999999999,0.0,22.8,145.2,73.80000000000001,63.4,55.4,40.3,28.6,34.6,101.19999999999999,65.6,19.400000000000002,19.599999999999998,67.2,90.2,0.0,36.41694444444444,-5.155
6084X,44.573913043478264,2.0,157.7,114.0,29.1,46.00000000000001,20.8,26.099999999999998,57.1,16.5,56.3,85.5,35.8,26.3,26.4,16.8,20.4,98.30000000000001,51.3,36.5,20.5,54.900000000000006,26.9,0.0,36.53861111111111,-4.618333333333334
6106X,29.904761904761905,4.7,38.8,31.7,38.5,6.2,15.0,27.4,29.904761904761905,29.904761904761905,1.2000000000000002,94.0,35.5,22.4,35.9,16.1,43.5,2.5,38.8,58.5,46.1,22.2,49.0,0.0,37.029444444444444,-4.748333333333333
6156X,39.373913043478254,0.2,76.8,62.800000000000004,41.4,9.1,24.200000000000003,128.7,28.299999999999997,22.2,77.4,54.3,43.8,23.7,28.6,19.6,19.9,42.800000000000004,29.099999999999998,36.3,42.7,65.89999999999999,27.8,0.0,36.717777777777776,-4.4816666666666665
6172O,31.71111111111111,0.30000000000000004,67.7,80.69999999999999,38.300000000000004,6.4,0.1,51.300000000000004,24.9,15.700000000000001,31.71111111111111,31.71111111111111,31.71111111111111,31.71111111111111,31.71111111111111,31.71111111111111,31.71111111111111,31.71111111111111,31.71111111111111,31.71111111111111,31.71111111111111,31.71111111111111,31.71111111111111,31.71111111111111,36.71666666666667,-4.419722222222222
6205X,25.89090909090909,3.5,0.2,49.8,72.4,2.5,20.5,43.699999999999996,0.0,13.200000000000001,60.4,74.6,21.9,20.6,21.0,17.2,41.0,16.7,25.89090909090909,34.6,8.2,36.3,11.299999999999999,0.0,36.72638888888889,-3.957222222222222
6268X,22.709090909090907,10.6,52.6,64.1,27.4,0.1,28.599999999999998,21.200000000000003,25.6,12.5,22.709090909090907,22.709090909090907,22.709090909090907,7.1000000000000005,0.0,22.709090909090907,22.709090909090907,22.709090909090907,22.709090909090907,22.709090909090907,22.709090909090907,22.709090909090907,22.709090909090907,22.709090909090907,36.72277777777778,-3.5302777777777776
6277B,12.75,0.9,29.4,7.2,12.75,0.6,20.2,27.9,9.0,2.1,12.75,12.75,12.75,12.75,0.1,10.7,28.5,18.6,0.6,14.700000000000001,2.8,24.4,31.1,0.7000000000000001,36.74722222222222,-3.0205555555555557
6302A,20.395652173913042,4.2,43.5,21.900000000000002,45.8,0.1,5.7,15.7,2.2,12.399999999999999,17.7,31.2,7.5,13.0,5.5,30.1,8.5,9.6,0.6,53.1,34.5,45.9,60.4,0.0,37.14138888888889,-2.78
6332X,10.924999999999999,15.4,38.9,0.0,0.2,24.200000000000003,10.924999999999999,10.924999999999999,10.924999999999999,10.924999999999999,0.0,2.4,1.6,27.4,10.924999999999999,10.924999999999999,12.6,8.4,10.924999999999999,10.924999999999999,10.924999999999999,0.0,10.924999999999999,10.924999999999999,36.98027777777778,-1.903611111111111
7096B,37.40909090909091,26.3,27.5,27.5,77.6,37.40909090909091,3.7,4.6,2.9000000000000004,29.5,39.6,55.3,25.7,0.2,0.2,22.5,41.800000000000004,38.6,26.1,132.7,62.3,68.1,110.3,0.0,38.54194444444444,-1.7030555555555555
9898,58.334782608695654,47.4,57.7,24.7,51.7,22.400000000000002,38.9,123.5,75.6,93.1,33.3,27.7,133.6,63.5,57.0,16.4,86.2,18.8,153.0,52.8,73.0,32.8,56.2,2.4,42.08444444444444,-0.32555555555555554
0324A,72.02727272727272,72.02727272727272,82.7,18.9,140.0,14.5,64.7,142.9,83.6,55.7,69.3,43.5,67.5,110.7,116.7,58.0,91.4,51.0,126.4,0.0,68.5,112.0,51.9,14.700000000000001,42.19138888888889,2.196111111111111
2117D,38.654545454545456,38.654545454545456,0.0,41.5,40.900000000000006,41.2,38.2,26.0,35.4,0.0,55.0,38.8,60.8,37.6,29.200000000000003,45.8,61.0,12.399999999999999,48.0,38.800000000000004,113.6,54.4,25.0,6.8,41.66583333333333,-3.742777777777778
2491C,91.41904761904763,91.41904761904763,67.4,0.0,26.7,91.41904761904763,65.9,5.1,64.7,18.8,128.2,133.4,152.6,89.0,135.4,105.19999999999999,217.8,25.400000000000002,158.0,136.2,179.0,108.2,86.39999999999999,16.4,40.355000000000004,-5.69
3434X,64.13636363636364,64.13636363636364,5.4,56.4,35.6,36.7,37.8,91.8,158.9,45.0,54.0,63.8,80.8,38.6,57.599999999999994,70.0,146.4,21.2,96.4,106.8,60.6,88.0,56.0,3.2,39.94583333333333,-5.5825
9698U,51.565,51.565,0.0,19.7,38.8,47.6,46.199999999999996,98.0,51.565,51.565,0.0,29.4,0.4,105.4,49.0,27.2,102.4,32.8,79.0,69.60000000000001,84.4,105.8,90.0,5.6,42.20527777777778,0.8652777777777777
9990X,67.53333333333333,67.53333333333333,84.7,65.7,67.53333333333333,0.0,26.099999999999998,103.0,63.9,112.5,35.2,32.1,130.1,55.7,85.3,0.0,92.1,38.8,131.6,105.4,78.0,66.4,69.5,42.1,42.70027777777778,0.8769444444444445
C839I,6.286666666666667,6.286666666666667,24.5,4.7,15.900000000000002,0.1,9.2,6.0,1.3,0.3,0.0,18.8,4.0,0.0,5.2,0.7,3.6,6.286666666666667,6.286666666666667,6.286666666666667,6.286666666666667,6.286666666666667,6.286666666666667,6.286666666666667,29.231944444444444,-13.501944444444444
3391,45.989999999999995,45.989999999999995,45.989999999999995,0.3,49.6,33.4,44.5,82.6,0.0,0.3,52.2,81.1,79.3,87.3,30.0,41.900000000000006,86.8,15.7,89.0,48.7,45.989999999999995,50.0,40.800000000000004,6.3,40.28861111111111,-4.590833333333333
3463X,43.77058823529412,43.77058823529412,43.77058823529412,48.4,12.2,11.700000000000001,22.3,63.8,86.0,31.5,46.699999999999996,61.199999999999996,3.6,23.9,19.4,45.8,69.3,9.100000000000001,94.7,94.5,43.77058823529412,43.77058823529412,43.77058823529412,43.77058823529412,39.4825,-5.854166666666666
4549Y,39.7952380952381,39.7952380952381,39.7952380952381,2.1,14.599999999999998,1.5,28.7,38.0,120.8,25.9,80.5,72.4,27.4,3.9,57.8,31.200000000000003,57.5,0.2,71.7,44.5,84.60000000000001,23.2,47.199999999999996,2.0,37.19472222222222,-7.3950000000000005
C629X,2.080952380952381,2.080952380952381,2.080952380952381,3.9,0.9,0.0,9.0,1.0,0.0,0.0,5.800000000000001,7.3,5.0,2.4,2.2,0.8,4.3,0.6,0.0,0.5,0.0,0.0,0.0,0.0,27.81638888888889,-15.764166666666666
C659H,9.019047619047617,9.019047619047617,9.019047619047617,40.8,18.400000000000002,0.30000000000000004,15.7,7.300000000000001,0.1,5.0,0.30000000000000004,43.8,0.8999999999999999,1.6,0.7,0.0,4.9,10.299999999999999,5.699999999999999,12.4,4.7,5.6,3.8,7.1,28.08972222222222,-15.416111111111112
2811A,62.186666666666675,62.186666666666675,62.186666666666675,62.186666666666675,13.5,25.4,39.7,93.1,141.5,32.4,81.1,97.5,106.4,41.2,78.2,42.2,122.39999999999999,18.200000000000003,0.0,62.186666666666675,62.186666666666675,62.186666666666675,62.186666666666675,62.186666666666675,40.35055555555556,-5.143055555555556
5000C,70.28,70.28,70.28,70.28,63.599999999999994,1.3,54.3,70.3,115.6,60.3,42.4,126.8,65.0,57.3,41.2,24.4,57.0,222.60000000000002,131.2,82.0,68.6,35.2,86.5,0.0,35.88861111111111,-5.3469444444444445
7247X,38.334999999999994,38.334999999999994,38.334999999999994,38.334999999999994,31.0,60.4,51.8,88.0,6.5,20.400000000000002,10.1,13.0,13.299999999999999,36.4,13.399999999999999,2.8,36.2,20.8,41.4,85.2,59.599999999999994,112.8,63.6,0.0,38.39972222222222,-1.0380555555555557
0149X,43.544444444444444,43.544444444444444,43.544444444444444,43.544444444444444,43.544444444444444,3.9000000000000004,19.099999999999998,43.544444444444444,0.0,25.4,16.4,29.4,89.2,91.0,48.2,20.4,82.6,31.599999999999998,78.8,29.0,105.4,84.6,27.6,1.2,41.72,1.840277777777778
1059X,74.65263157894738,74.65263157894738,74.65263157894738,74.65263157894738,74.65263157894738,143.4,65.8,77.8,91.7,92.2,37.7,40.9,152.79999999999998,100.3,51.8,63.800000000000004,35.1,57.699999999999996,96.5,81.5,55.4,47.800000000000004,86.8,39.4,43.375,-3.0216666666666665
8416Y,34.26842105263158,34.26842105263158,34.26842105263158,34.26842105263158,34.26842105263158,24.400000000000002,6.0,47.8,7.0,35.8,31.400000000000002,56.599999999999994,30.3,90.4,6.8999999999999995,3.6,15.1,22.900000000000002,17.6,63.400000000000006,47.2,64.7,80.0,0.0,39.480555555555554,-0.3663888888888889
9001D,76.52105263157895,76.52105263157895,76.52105263157895,76.52105263157895,76.52105263157895,64.6,33.4,84.2,131.20000000000002,75.7,47.6,64.5,287.8,53.1,49.1,64.5,105.9,7.3,66.4,62.1,167.0,22.8,55.2,11.5,42.99194444444444,-4.160555555555556
C229J,0.9214285714285714,0.9214285714285714,0.9214285714285714,0.9214285714285714,0.9214285714285714,0.1,2.4,0.0,0.0,0.0,0.9214285714285714,0.9214285714285714,0.9214285714285714,0.9214285714285714,0.9214285714285714,0.0,0.7999999999999999,0.2,3.2,3.5999999999999996,0.7,0.1,1.2,0.6,28.049166666666668,-14.358055555555556
3111D,109.2,109.2,109.2,109.2,109.2,109.2,38.1,171.4,181.0,77.0,58.1,28.0,207.0,99.6,38.4,103.2,127.5,39.5,169.8,241.8,112.5,109.2,141.4,22.099999999999998,41.135555555555555,-3.5802777777777774
4148,47.11176470588235,47.11176470588235,47.11176470588235,47.11176470588235,47.11176470588235,47.11176470588235,0.0,19.0,108.2,16.0,21.1,34.0,85.2,53.5,32.9,47.11176470588235,72.6,29.200000000000003,69.4,90.0,43.1,50.4,76.3,0.0,38.518055555555556,-3.5666666666666664
8177A,43.911764705882355,43.911764705882355,43.911764705882355,43.911764705882355,43.911764705882355,43.911764705882355,26.200000000000003,72.7,24.2,18.9,35.3,31.1,43.911764705882355,2.2,7.6,12.2,46.7,20.700000000000003,38.4,154.1,65.2,63.9,127.1,0.0,38.93583333333333,-1.66
9208E,100.05555555555556,100.05555555555556,100.05555555555556,100.05555555555556,100.05555555555556,100.05555555555556,48.699999999999996,188.7,172.29999999999998,120.1,62.7,60.1,162.4,61.6,109.0,63.0,95.2,39.0,156.0,118.8,12.600000000000001,130.4,137.20000000000002,63.199999999999996,42.70888888888889,-0.6730555555555555
9784P,112.02222222222223,112.02222222222223,112.02222222222223,112.02222222222223,112.02222222222223,112.02222222222223,70.10000000000001,145.3,328.0,99.2,62.6,13.200000000000001,63.60000000000001,76.6,95.0,50.599999999999994,162.6,48.8,223.6,181.2,93.2,178.4,97.8,26.6,42.63,0.22472222222222224
9814A,70.12,70.12,70.12,70.12,70.12,70.12,48.4,60.6,182.8,62.5,9.2,17.3,70.12,70.3,90.0,56.4,103.7,70.12,70.12,70.12,70.12,70.12,70.12,70.12,42.626666666666665,-0.11166666666666668
3044X,87.57692307692308,87.57692307692308,87.57692307692308,87.57692307692308,87.57692307692308,87.57692307692308,87.57692307692308,0.2,132.79999999999998,59.6,87.57692307692308,60.6,106.8,2.4,67.4,87.57692307692308,138.3,13.200000000000001,114.80000000000001,185.0,100.9,156.5,87.57692307692308,87.57692307692308,40.530277777777776,-2.15
3298X,77.9125,77.9125,77.9125,77.9125,77.9125,77.9125,77.9125,36.4,192.8,0.0,72.6,56.7,78.10000000000001,70.1,31.8,27.2,168.1,21.6,124.1,125.7,101.2,77.9125,135.0,5.2,39.54694444444444,-4.350555555555555
4061X,36.211764705882345,36.211764705882345,36.211764705882345,36.211764705882345,36.211764705882345,36.211764705882345,36.211764705882345,9.5,0.0,13.8,42.3,57.2,48.800000000000004,31.3,8.9,19.0,79.0,0.7,47.5,98.39999999999999,41.8,54.5,61.2,1.7,39.59722222222222,-3.0483333333333333
4103X,38.30625,38.30625,38.30625,38.30625,38.30625,38.30625,38.30625,0.0,38.30625,0.0,51.4,56.4,9.6,16.0,10.399999999999999,18.2,76.2,31.099999999999998,40.8,117.8,58.2,62.2,63.800000000000004,0.8,39.16916666666666,-3.0075
4147X,49.40625,49.40625,49.40625,49.40625,49.40625,49.40625,49.40625,59.4,47.6,25.8,63.0,52.4,48.3,51.2,18.0,49.40625,76.8,40.0,47.4,101.2,42.0,58.4,58.6,0.4,38.75055555555556,-3.391388888888889
4220X,33.888235294117656,33.888235294117656,33.888235294117656,33.888235294117656,33.888235294117656,33.888235294117656,33.888235294117656,0.0,129.0,12.1,0.0,17.6,47.0,24.4,27.1,0.0,0.0,27.8,75.4,72.8,64.2,43.5,32.1,3.1,39.08361111111111,-4.621944444444445
5038X,59.709090909090904,59.709090909090904,59.709090909090904,59.709090909090904,59.709090909090904,59.709090909090904,59.709090909090904,118.0,0.0,50.2,17.5,73.8,151.5,72.6,71.3,54.5,47.4,0.0,59.709090909090904,59.709090909090904,59.709090909090904,59.709090909090904,59.709090909090904,59.709090909090904,37.91583333333333,-3.003888888888889
1037Y,114.825,114.825,114.825,114.825,114.825,114.825,114.825,114.825,158.7,141.6,47.6,96.5,227.1,114.0,89.2,87.3,126.9,70.5,209.9,118.0,74.9,68.0,138.8,68.2,43.080000000000005,-2.3175
4511C,47.97500000000001,47.97500000000001,47.97500000000001,47.97500000000001,47.97500000000001,47.97500000000001,47.97500000000001,47.97500000000001,0.0,9.4,50.199999999999996,107.2,67.4,6.6000000000000005,50.2,22.2,86.0,15.4,89.60000000000001,83.2,67.2,48.8,56.2,8.0,38.29861111111111,-6.765
1002Y,102.64999999999999,102.64999999999999,102.64999999999999,102.64999999999999,102.64999999999999,102.64999999999999,102.64999999999999,102.64999999999999,102.64999999999999,96.6,42.0,53.9,102.64999999999999,105.8,111.7,95.2,86.0,71.3,222.0,87.9,123.3,65.2,143.2,133.0,43.13583333333333,-1.5430555555555554
2298,56.46,56.46,56.46,56.46,56.46,56.46,56.46,56.46,56.46,47.8,18.2,45.4,99.8,75.6,0.0,49.4,100.6,14.799999999999999,110.2,101.89999999999999,91.2,38.8,35.4,17.8,41.959722222222226,-3.131666666666667
4090Y,30.338461538461537,30.338461538461537,30.338461538461537,30.338461538461537,30.338461538461537,30.338461538461537,30.338461538461537,30.338461538461537,30.338461538461537,12.4,46.2,51.4,32.8,0.4,30.338461538461537,15.4,30.338461538461537,0.0,37.2,97.2,61.400000000000006,40.0,0.0,0.0,39.416666666666664,-2.4205555555555556
4386B,55.61333333333333,55.61333333333333,55.61333333333333,55.61333333333333,55.61333333333333,55.61333333333333,55.61333333333333,55.61333333333333,55.61333333333333,22.8,103.0,116.2,58.0,33.4,45.2,30.8,79.8,49.6,79.6,57.0,63.8,36.2,53.6,5.2,38.23166666666667,-6.016944444444444
5612B,42.52666666666667,42.52666666666667,42.52666666666667,42.52666666666667,42.52666666666667,42.52666666666667,42.52666666666667,42.52666666666667,42.52666666666667,25.6,16.6,89.6,43.2,22.2,40.2,26.200000000000003,51.9,19.8,48.4,59.6,73.0,43.400000000000006,78.2,0.0,37.19444444444444,-4.77
7002Y,19.32,19.32,19.32,19.32,19.32,19.32,19.32,19.32,19.32,7.800000000000001,3.0,30.0,3.0,33.2,0.8,17.0,4.2,7.0,13.200000000000001,40.0,35.0,36.0,59.6,0.0,37.41722222222222,-1.5869444444444445
7119B,49.419999999999995,49.419999999999995,49.419999999999995,49.419999999999995,49.419999999999995,49.419999999999995,49.419999999999995,49.419999999999995,49.419999999999995,24.2,59.8,49.0,52.7,54.8,14.0,35.6,44.99999999999999,33.199999999999996,29.4,116.0,59.4,86.4,81.8,0.0,38.1025,-1.8772222222222223
7275C,43.82666666666667,43.82666666666667,43.82666666666667,43.82666666666667,43.82666666666667,43.82666666666667,43.82666666666667,43.82666666666667,43.82666666666667,25.1,38.0,17.8,30.7,79.60000000000001,17.4,5.2,49.4,14.0,33.4,155.6,51.0,82.6,57.6,0.0,38.60166666666667,-1.159722222222222
8489X,57.46666666666667,57.46666666666667,57.46666666666667,57.46666666666667,57.46666666666667,57.46666666666667,57.46666666666667,57.46666666666667,57.46666666666667,4.800000000000001,57.46666666666667,57.46666666666667,57.46666666666667,137.2,43.8,6.6,54.2,24.4,0.0,70.19999999999999,90.60000000000001,106.4,137.0,14.4,40.43333333333333,-0.25583333333333336
3094B,45.76428571428572,45.76428571428572,45.76428571428572,45.76428571428572,45.76428571428572,45.76428571428572,45.76428571428572,45.76428571428572,45.76428571428572,45.76428571428572,85.7,51.8,36.0,46.6,13.399999999999999,14.8,101.39999999999999,8.8,35.8,73.2,55.8,73.60000000000001,41.2,2.6,40.01138888888889,-3.0213888888888887
4560Y,83.89999999999999,83.89999999999999,83.89999999999999,83.89999999999999,83.89999999999999,83.89999999999999,83.89999999999999,83.89999999999999,83.89999999999999,83.89999999999999,91.0,69.2,90.8,37.6,58.6,0.0,181.6,76.2,125.8,151.0,110.2,82.2,94.2,6.2,37.868611111111115,-6.675000000000001
6293X,14.23076923076923,14.23076923076923,14.23076923076923,14.23076923076923,14.23076923076923,14.23076923076923,14.23076923076923,14.23076923076923,14.23076923076923,14.23076923076923,6.6000000000000005,43.8,1.4000000000000001,9.8,1.5999999999999999,24.599999999999998,0.2,14.23076923076923,0.0,51.4,0.6000000000000001,0.0,44.6,0.4,36.68694444444444,-2.7016666666666667
6381,0.0,0.0,0.0,0.0,0.0,0.0,0.0,0.0,0.0,0.0,0.0,0.0,0.0,0.0,0.0,0.0,0.0,0.0,0.0,0.0,0.0,0.0,0.0,0.0,35.93833333333333,-3.036111111111111
9263X,64.77142857142857,64.77142857142857,64.77142857142857,64.77142857142857,64.77142857142857,64.77142857142857,64.77142857142857,64.77142857142857,64.77142857142857,64.77142857142857,58.400000000000006,5.7,140.5,73.10000000000001,14.899999999999999,43.3,62.2,28.8,175.3,71.39999999999999,78.0,48.800000000000004,69.6,36.8,42.77611111111111,-1.5325
0255B,47.07272727272727,47.07272727272727,47.07272727272727,47.07272727272727,47.07272727272727,47.07272727272727,47.07272727272727,47.07272727272727,47.07272727272727,47.07272727272727,47.07272727272727,0.0,26.0,68.3,41.0,0.3,53.3,21.2,0.0,0.0,234.0,73.7,47.07272727272727,47.07272727272727,41.65083333333333,2.6969444444444446
5270,66.55,66.55,66.55,66.55,66.55,66.55,66.55,66.55,66.55,66.55,66.55,60.4,82.5,87.0,36.3,66.55,66.55,66.55,66.55,66.55,66.55,66.55,66.55,66.55,37.77638888888889,-3.7888888888888888
7031X,30.807692307692307,30.807692307692307,30.807692307692307,30.807692307692307,30.807692307692307,30.807692307692307,30.807692307692307,30.807692307692307,30.807692307692307,30.807692307692307,30.807692307692307,14.6,4.1,67.2,10.299999999999999,9.3,13.9,0.9,6.499999999999999,94.5,37.8,48.1,93.3,0.0,37.77833333333333,-0.8058333333333334
B691Y,36.28333333333334,36.28333333333334,36.28333333333334,36.28333333333334,36.28333333333334,36.28333333333334,36.28333333333334,36.28333333333334,36.28333333333334,36.28333333333334,36.28333333333334,14.200000000000001,33.8,83.0,28.8,6.200000000000001,36.4,10.6,41.6,22.400000000000002,104.80000000000001,25.4,28.2,36.28333333333334,39.74916666666667,3.0166666666666666
1014A,127.19166666666668,127.19166666666668,127.19166666666668,127.19166666666668,127.19166666666668,127.19166666666668,127.19166666666668,127.19166666666668,127.19166666666668,127.19166666666668,127.19166666666668,127.19166666666668,251.5,99.7,121.7,163.4,72.8,90.7,185.7,123.8,131.4,53.4,110.9,121.30000000000001,43.356944444444444,-1.7922222222222222
1111X,78.88333333333333,78.88333333333333,78.88333333333333,78.88333333333333,78.88333333333333,78.88333333333333,78.88333333333333,78.88333333333333,78.88333333333333,78.88333333333333,78.88333333333333,78.88333333333333,223.8,144.0,53.5,32.6,41.0,28.200000000000003,91.4,102.6,72.1,49.6,78.1,29.700000000000003,43.49111111111111,-3.8005555555555555
1249X,105.68333333333334,105.68333333333334,105.68333333333334,105.68333333333334,105.68333333333334,105.68333333333334,105.68333333333334,105.68333333333334,105.68333333333334,105.68333333333334,105.68333333333334,105.68333333333334,229.20000000000002,197.8,113.7,112.2,89.4,24.6,99.0,78.6,90.9,75.2,115.6,42.0,43.35333333333333,-5.874166666666667
3168D,58.30833333333334,58.30833333333334,58.30833333333334,58.30833333333334,58.30833333333334,58.30833333333334,58.30833333333334,58.30833333333334,58.30833333333334,58.30833333333334,58.30833333333334,58.30833333333334,59.400000000000006,34.0,50.199999999999996,30.4,106.5,18.0,83.0,90.2,78.39999999999999,81.2,54.8,13.6,40.63027777777778,-3.15
9091R,57.26666666666667,57.26666666666667,57.26666666666667,57.26666666666667,57.26666666666667,57.26666666666667,57.26666666666667,57.26666666666667,57.26666666666667,57.26666666666667,57.26666666666667,57.26666666666667,86.6,71.8,47.4,40.5,52.4,15.4,110.5,64.9,59.9,49.0,70.4,18.4,42.871944444444445,-2.7327777777777778
0372C,91.50909090909092,91.50909090909092,91.50909090909092,91.50909090909092,91.50909090909092,91.50909090909092,91.50909090909092,91.50909090909092,91.50909090909092,91.50909090909092,91.50909090909092,91.50909090909092,91.50909090909092,93.6,94.39999999999999,30.3,99.9,28.400000000000002,147.3,57.0,219.6,83.8,102.6,49.7,42.10444444444445,2.763611111111111
9434P,38.981818181818184,38.981818181818184,38.981818181818184,38.981818181818184,38.981818181818184,38.981818181818184,38.981818181818184,38.981818181818184,38.981818181818184,38.981818181818184,38.981818181818184,38.981818181818184,38.981818181818184,52.800000000000004,29.6,22.8,42.0,5.8,114.2,28.599999999999998,45.0,50.4,30.8,6.800000000000001,41.62083333333334,-0.935
1083L,58.1,58.1,58.1,58.1,58.1,58.1,58.1,58.1,58.1,58.1,58.1,58.1,58.1,58.1,4.0,46.7,64.6,58.6,61.199999999999996,88.3,66.0,59.6,94.6,37.4,43.39472222222222,-3.233888888888889
1207U,63.35,63.35,63.35,63.35,63.35,63.35,63.35,63.35,63.35,63.35,63.35,63.35,63.35,63.35,63.800000000000004,66.0,86.4,50.199999999999996,63.6,91.9,41.2,44.199999999999996,94.2,32.0,43.52305555555555,-5.621111111111111
2661B,54.275,54.275,54.275,54.275,54.275,54.275,54.275,54.275,54.275,54.275,54.275,54.275,54.275,54.275,56.4,47.300000000000004,106.89999999999999,6.5,54.275,54.275,54.275,54.275,54.275,54.275,42.599444444444444,-5.6436111111111105
C439J,5.539999999999999,5.539999999999999,5.539999999999999,5.539999999999999,5.539999999999999,5.539999999999999,5.539999999999999,5.539999999999999,5.539999999999999,5.539999999999999,5.539999999999999,5.539999999999999,5.539999999999999,5.539999999999999,17.4,0.0,1.6,3.8000000000000003,0.2,10.2,4.6,13.8,3.8,0.0,28.31833333333333,-16.38222222222222
C659M,10.1,10.1,10.1,10.1,10.1,10.1,10.1,10.1,10.1,10.1,10.1,10.1,10.1,10.1,2.1,1.2,7.8,21.8,8.7,43.199999999999996,5.3,6.3999999999999995,3.1,1.4,28.113055555555558,-15.421388888888888
1331A,61.43333333333333,61.43333333333333,61.43333333333333,61.43333333333333,61.43333333333333,61.43333333333333,61.43333333333333,61.43333333333333,61.43333333333333,61.43333333333333,61.43333333333333,61.43333333333333,61.43333333333333,61.43333333333333,61.43333333333333,68.5,121.8,23.3,84.7,57.9,25.8,94.5,50.5,25.900000000000002,43.52472222222222,-7.0313888888888885
8501,87.30000000000001,87.30000000000001,87.30000000000001,87.30000000000001,87.30000000000001,87.30000000000001,87.30000000000001,87.30000000000001,87.30000000000001,87.30000000000001,87.30000000000001,87.30000000000001,87.30000000000001,87.30000000000001,87.30000000000001,87.30000000000001,87.30000000000001,87.30000000000001,87.30000000000001,87.30000000000001,87.30000000000001,72.4,102.2,87.30000000000001,39.98916666666667,-0.03222222222222222
